npi,taxid,billing_code,billing_code_type,negotiated_type,aetna_open_access_managed,bcbs_tx_ppo,cigna_national_oap,uhc_choice_plus
1982666111,741152597,1,DRG,negotiated,810850.61,642560.86,520533.97,728791.97
1982666111,741152597,2,DRG,negotiated,206784.56,163867.01,249171.51,185857.82
1982666111,741152597,3,DRG,negotiated,537651.78,357979.75,498918.72,487852.13
1982666111,741152597,4,DRG,negotiated,385245.67,223391.88,357492.12,349562.54
1982666111,741152597,5,DRG,negotiated,457029.37,362174.22,210961.06,173089.82
1982666111,741152597,6,DRG,negotiated,209083.48,165688.79,88943.19,72976.32
1982666111,741152597,7,DRG,negotiated,537533.29,425969.78,225761.81,185233.57
1982666111,741152597,8,DRG,negotiated,455770.74,361176.82,103401.8,84839.35
1982666111,741152597,11,DRG,negotiated,157645.31,94085.97,95525.21,78376.74
1982666111,741152597,12,DRG,negotiated,74445.16,71815.17,72302.29,59322.75
1982666111,741152597,13,DRG,negotiated,191236.39,51035.84,52306.58,42916.62
1982666111,741152597,20,DRG,negotiated,268264.46,193684.37,172055.23,141168.27
1982666111,741152597,21,DRG,negotiated,255986.48,141342.56,125559.46,103019.32
1982666111,741152597,22,DRG,negotiated,94060.93,90739.54,80606.1,66135.88
1982666111,741152597,23,DRG,negotiated,187493.38,106274.39,105996.51,86968.26
1982666111,741152597,24,DRG,negotiated,98019.5,73805.04,73029.11,59919.09
1982666111,741152597,25,DRG,negotiated,126530.46,129628.56,117415.06,114810.66
1982666111,741152597,26,DRG,negotiated,112147.77,88256.03,104068.52,101760.16
1982666111,741152597,27,DRG,negotiated,89350.43,72469.67,82913.52,81074.41
1982666111,741152597,28,DRG,negotiated,168055.87,109107.42,108698.48,89185.18
1982666111,741152597,29,DRG,negotiated,137713.64,61772.14,63205.09,51858.66
1982666111,741152597,30,DRG,negotiated,80169.57,44159.36,43298.15,35525.37
1982666111,741152597,31,DRG,negotiated,76911.98,81912.54,76213.77,62532.05
1982666111,741152597,32,DRG,negotiated,62777.59,41530.56,37995.92,31174.98
1982666111,741152597,33,DRG,negotiated,54361.03,32268.86,31412.06,25773.04
1982666111,741152597,34,DRG,negotiated,86041.91,74537.66,73964.9,60686.9
1982666111,741152597,35,DRG,negotiated,65848.39,43838.96,42236.6,34654.38
1982666111,741152597,36,DRG,negotiated,59883.28,34706.55,34781.67,28537.74
1982666111,741152597,37,DRG,negotiated,114873.3,61412.39,62380.26,51181.9
1982666111,741152597,38,DRG,negotiated,63543.06,31080.94,30246.94,24817.08
1982666111,741152597,39,DRG,negotiated,60495.58,21343.32,21318.03,17491.07
1982666111,741152597,40,DRG,negotiated,105369.23,72414.76,70062.67,57485.18
1982666111,741152597,41,DRG,negotiated,47703.54,44026.33,43240.82,35478.33
1982666111,741152597,42,DRG,negotiated,69028.51,35622.78,34208.35,28067.35
1982666111,741152597,52,DRG,negotiated,91121.01,34729.03,32924.87,27014.27
1982666111,741152597,54,DRG,negotiated,36389.99,25637.84,25651.18,21046.34
1982666111,741152597,55,DRG,negotiated,28403.91,19572.67,18647.5,15299.94
1982666111,741152597,56,DRG,negotiated,48183.2,41133.34,41256.42,33850.16
1982666111,741152597,57,DRG,negotiated,45276.95,23749.15,24069.94,19748.96
1982666111,741152597,58,DRG,negotiated,118611.5,58203.06,31907.7,26179.7
1982666111,741152597,59,DRG,negotiated,19659.78,21122.22,21147.89,17351.47
1982666111,741152597,60,DRG,negotiated,30576.46,17194.94,16761.11,13752.2
1982666111,741152597,61,DRG,negotiated,90134.93,54172.41,54235.5,44499.27
1982666111,741152597,62,DRG,negotiated,56144.07,37254.78,35456.7,29091.59
1982666111,741152597,63,DRG,negotiated,56325.45,32034.65,29239.01,23990.09
1982666111,741152597,64,DRG,negotiated,58396.63,35954.43,36470.17,29923.13
1982666111,741152597,65,DRG,negotiated,36056.66,19111.74,18797.3,15422.85
1982666111,741152597,66,DRG,negotiated,23482.66,13333.25,12918.06,10599.04
1982666111,741152597,67,DRG,negotiated,27684.19,26715.21,26152.37,21457.55
1982666111,741152597,68,DRG,negotiated,18444.23,16655.32,16713.03,13712.74
1982666111,741152597,69,DRG,negotiated,24956.34,14747.89,14756.36,12107.33
1982666111,741152597,70,DRG,negotiated,30334,31470.67,31887.35,26163.01
1982666111,741152597,71,DRG,negotiated,13786.64,18958.1,19770.09,16221.01
1982666111,741152597,72,DRG,negotiated,39663.97,14459.34,14277.37,11714.33
1982666111,741152597,73,DRG,negotiated,50272.38,27222.99,27728.05,22750.38
1982666111,741152597,74,DRG,negotiated,26814.65,19093,18930.46,15532.11
1982666111,741152597,75,DRG,negotiated,73248.56,30485.1,33751.55,27692.55
1982666111,741152597,77,DRG,negotiated,34431.47,28721.95,28928.31,23735.17
1982666111,741152597,78,DRG,negotiated,25296.08,17798.28,18360.84,15064.75
1982666111,741152597,79,DRG,negotiated,30758.35,13655.53,13572.75,11136.2
1982666111,741152597,80,DRG,negotiated,69520.27,39261.51,37724.06,30951.93
1982666111,741152597,81,DRG,negotiated,14972.02,14487.45,16616.86,13633.84
1982666111,741152597,82,DRG,negotiated,49040.94,65252.39,45507.97,44498.55
1982666111,741152597,83,DRG,negotiated,34121.24,38738.11,31663.11,30960.78
1982666111,741152597,84,DRG,negotiated,21853.9,26102.11,20279.52,19829.7
1982666111,741152597,85,DRG,negotiated,36605.91,66630.13,33968.78,33215.31
1982666111,741152597,86,DRG,negotiated,34297.02,36734.91,31826.22,31120.28
1982666111,741152597,87,DRG,negotiated,25088.6,24891.54,23281.19,22764.79
1982666111,741152597,90,DRG,negotiated,31039.5,16012.64,15222.41,12489.72
1982666111,741152597,91,DRG,negotiated,47408.83,30931.04,31946.54,26211.57
1982666111,741152597,92,DRG,negotiated,27081.37,18529.02,18388.58,15087.51
1982666111,741152597,93,DRG,negotiated,15250.84,14656.08,14144.21,11605.08
1982666111,741152597,94,DRG,negotiated,94603.12,68163.33,66088.31,54224.29
1982666111,741152597,95,DRG,negotiated,79882.66,46979.28,47285.46,38796.88
1982666111,741152597,96,DRG,negotiated,87734.94,43707.8,42245.84,34661.97
1982666111,741152597,97,DRG,negotiated,49921.42,70458.61,71908.37,58999.55
1982666111,741152597,98,DRG,negotiated,30633.95,39581.91,38545.19,31625.65
1982666111,741152597,99,DRG,negotiated,61386.26,26267.4,25863.86,21220.84
1982666111,741152597,100,DRG,negotiated,55010.71,35158.11,35526.97,29149.25
1982666111,741152597,101,DRG,negotiated,30063.42,16645.95,16672.34,13679.36
1982666111,741152597,102,DRG,negotiated,45340.35,21605.63,21266.25,17448.58
1982666111,741152597,103,DRG,negotiated,21538.42,15542.34,15396.26,12632.36
1982666111,741152597,113,DRG,negotiated,72528.26,41116.47,41524.58,34070.18
1982666111,741152597,114,DRG,negotiated,51540.26,27123.68,24093.98,19768.69
1982666111,741152597,115,DRG,negotiated,53115.09,27292.31,28094.24,23050.82
1982666111,741152597,116,DRG,negotiated,57485.69,35276.15,34888.93,28625.75
1982666111,741152597,117,DRG,negotiated,31176.95,19508.96,18360.84,15064.75
1982666111,741152597,121,DRG,negotiated,17779.46,22308.27,22660.7,18592.7
1982666111,741152597,122,DRG,negotiated,19716.11,12094.73,12775.66,10482.2
1982666111,741152597,123,DRG,negotiated,27774.92,14367.53,14680.54,12045.12
1982666111,741152597,124,DRG,negotiated,38756.09,26269.27,25904.55,21254.22
1982666111,741152597,125,DRG,negotiated,19020.96,15682.87,15943.68,13081.51
1982666111,741152597,135,DRG,negotiated,70077.47,40162.76,45323.25,37186.92
1982666111,741152597,136,DRG,negotiated,61480.34,23524.3,21458.59,17606.39
1982666111,741152597,137,DRG,negotiated,37578.43,28287.25,27733.6,22754.93
1982666111,741152597,138,DRG,negotiated,46073.47,16048.24,16354.24,13418.37
1982666111,741152597,139,DRG,negotiated,35631.65,23123.33,23256.2,19081.3
1982666111,741152597,140,DRG,negotiated,151860.27,74533.91,76866.61,63067.7
1982666111,741152597,141,DRG,negotiated,84156.3,41335.7,41289.7,33877.47
1982666111,741152597,142,DRG,negotiated,73519.93,30074.76,31471.24,25821.6
1982666111,741152597,143,DRG,negotiated,108797.2,55832.51,58674.06,48141.03
1982666111,741152597,144,DRG,negotiated,48624.9,33005.23,33461.19,27454.32
1982666111,741152597,145,DRG,negotiated,48826.91,22945.33,22337.05,18327.16
1982666111,741152597,146,DRG,negotiated,44732.42,38244.09,37250.61,30563.47
1982666111,741152597,147,DRG,negotiated,52411.26,24378.71,22398.08,18377.23
1982666111,741152597,148,DRG,negotiated,27108.63,14746.02,15120.69,12406.26
1982666111,741152597,149,DRG,negotiated,12193.59,13809.17,13962.97,11456.37
1982666111,741152597,150,DRG,negotiated,65794.32,24873.37,25508.77,20929.5
1982666111,741152597,151,DRG,negotiated,30568,13835.4,14258.87,11699.15
1982666111,741152597,152,DRG,negotiated,23937.54,20245.33,22150.26,18173.9
1982666111,741152597,153,DRG,negotiated,16451.53,13363.23,12770.11,10477.65
1982666111,741152597,154,DRG,negotiated,54414.6,28982.39,27794.63,22805
1982666111,741152597,155,DRG,negotiated,32871.73,17041.3,17001.53,13949.46
1982666111,741152597,156,DRG,negotiated,20274.19,12336.44,12607.36,10344.12
1982666111,741152597,157,DRG,negotiated,68153.28,29533.26,30918.27,25367.89
1982666111,741152597,158,DRG,negotiated,41348.4,16867.05,17182.78,14098.16
1982666111,741152597,159,DRG,negotiated,34857.42,12424.5,13868.65,11378.98
1982666111,741152597,163,DRG,negotiated,124386.84,93812.41,89579.39,73498.3
1982666111,741152597,164,DRG,negotiated,101165.08,49757.98,47764.45,39189.89
1982666111,741152597,165,DRG,negotiated,92375.77,35911.33,35636.09,29238.78
1982666111,741152597,166,DRG,negotiated,99397.42,69767.22,67795.31,55624.85
1982666111,741152597,167,DRG,negotiated,58368.14,34076.98,35158.94,28847.29
1982666111,741152597,168,DRG,negotiated,58062.35,25377.39,26217.09,21510.66
1982666111,741152597,175,DRG,negotiated,35033.34,28967.4,25832.42,21195.04
1982666111,741152597,176,DRG,negotiated,20716.18,16634.71,15120.69,12406.26
1982666111,741152597,177,DRG,negotiated,42205.56,34646.59,32917.47,27008.2
1982666111,741152597,178,DRG,negotiated,29441.35,22630.55,20102.98,16494.14
1982666111,741152597,179,DRG,negotiated,14138.33,16351.78,14525.19,11917.66
1982666111,741152597,180,DRG,negotiated,73652.87,32600.51,31326.99,25703.24
1982666111,741152597,181,DRG,negotiated,23155.74,20987.31,20966.65,17202.76
1982666111,741152597,183,DRG,negotiated,47516.54,44932.17,44093.39,43115.35
1982666111,741152597,184,DRG,negotiated,32068.72,30001.86,29758.45,29098.37
1982666111,741152597,185,DRG,negotiated,25006.76,22334.94,23205.25,22690.53
1982666111,741152597,186,DRG,negotiated,20223.18,28926.18,28236.64,23167.66
1982666111,741152597,187,DRG,negotiated,28758.81,19353.45,19342.87,15870.49
1982666111,741152597,189,DRG,negotiated,31241.22,22973.44,22322.26,18315.02
1982666111,741152597,190,DRG,negotiated,25461.72,21081,20075.24,16471.38
1982666111,741152597,191,DRG,negotiated,19502.37,16569.13,15982.51,13113.37
1982666111,741152597,192,DRG,negotiated,10941.02,13033.46,12059.94,9894.97
1982666111,741152597,193,DRG,negotiated,33364.29,24582.94,24018.16,19706.47
1982666111,741152597,194,DRG,negotiated,25917.34,16186.89,15538.66,12749.19
1982666111,741152597,195,DRG,negotiated,17261.03,12475.09,11869.45,9738.67
1982666111,741152597,196,DRG,negotiated,70382.16,32576.15,32137.02,26367.86
1982666111,741152597,197,DRG,negotiated,42147.18,18868.16,18190.7,14925.15
1982666111,741152597,198,DRG,negotiated,12309.46,13929.09,13147.38,10787.2
1982666111,741152597,199,DRG,negotiated,47549.77,33539.23,32523.55,26685
1982666111,741152597,200,DRG,negotiated,22690.94,20170.38,19825.57,16266.53
1982666111,741152597,201,DRG,negotiated,22745.53,13295.78,13461.78,11045.15
1982666111,741152597,202,DRG,negotiated,18097.92,18118.68,17121.75,14048.09
1982666111,741152597,203,DRG,negotiated,8031.55,13247.06,12337.35,10122.58
1982666111,741152597,204,DRG,negotiated,19628.37,14869.68,14969.04,12281.84
1982666111,741152597,205,DRG,negotiated,32004.37,31568.1,32937.81,27024.89
1982666111,741152597,206,DRG,negotiated,18985.4,16600.98,16522.54,13556.45
1982666111,741152597,207,DRG,negotiated,178666.33,107477.31,121429.75,99630.97
1982666111,741152597,208,DRG,negotiated,56119.87,47681.92,48086.25,39453.92
1982666111,741152597,215,DRG,negotiated,873129.95,290154.68,810228.65,156340.76
1982666111,741152597,216,DRG,negotiated,269829.45,188106.36,180166.7,147823.59
1982666111,741152597,217,DRG,negotiated,126578.48,121481.34,117414.71,96336.69
1982666111,741152597,219,DRG,negotiated,226854.77,150975.25,150324.78,123338.82
1982666111,741152597,220,DRG,negotiated,178708.88,101279.11,100516.74,82472.21
1982666111,741152597,221,DRG,negotiated,69270.75,85813.59,87506.21,71797.3
1982666111,741152597,222,DRG,negotiated,128951,148977.89,141601.16,116181.25
1982666111,741152597,223,DRG,negotiated,76512.34,108648.37,96514.64,79188.55
1982666111,741152597,224,DRG,negotiated,194216.47,140885.38,131107.66,107571.52
1982666111,741152597,225,DRG,negotiated,177714.87,105260.72,93537.1,76745.54
1982666111,741152597,226,DRG,negotiated,78046.57,123008.41,118378.24,97127.26
1982666111,741152597,227,DRG,negotiated,39851.69,97659.12,92852.83,76184.1
1982666111,741152597,228,DRG,negotiated,171637.09,99873.83,91143.98,74782.02
1982666111,741152597,229,DRG,negotiated,83526.19,64477.76,61046.84,50087.86
1982666111,741152597,231,DRG,negotiated,241428.9,163309.82,155223.84,127358.42
1982666111,741152597,233,DRG,negotiated,219630.89,148440.14,143234.18,117521.11
1982666111,741152597,234,DRG,negotiated,249700.72,99980.63,95915.43,78696.92
1982666111,741152597,235,DRG,negotiated,197944.1,114372.52,110779.06,90892.26
1982666111,741152597,236,DRG,negotiated,153737.39,76765.49,75425.93,61885.64
1982666111,741152597,239,DRG,negotiated,92536.53,90237.39,85998.95,70560.62
1982666111,741152597,240,DRG,negotiated,94026.75,52253.75,50196.41,41185.27
1982666111,741152597,242,DRG,negotiated,68147.96,69844.04,64238.91,52706.89
1982666111,741152597,243,DRG,negotiated,28854.13,47189.13,43349.94,35567.86
1982666111,741152597,244,DRG,negotiated,19232.3,38660.05,35158.94,28847.29
1982666111,741152597,245,DRG,negotiated,90096.53,101513.32,90176.74,73988.42
1982666111,741152597,246,DRG,negotiated,66401.88,58540.01,55396.93,45452.2
1982666111,741152597,247,DRG,negotiated,45792.9,36971.85,35314.29,28974.75
1982666111,741152597,250,DRG,negotiated,34868.79,47250.97,44749.93,36716.53
1982666111,741152597,251,DRG,negotiated,45439.89,31073.44,30058.3,24662.3
1982666111,741152597,252,DRG,negotiated,125310.75,62313.64,61830.99,50731.23
1982666111,741152597,253,DRG,negotiated,79606.9,49720.5,49452.96,40575.28
1982666111,741152597,254,DRG,negotiated,69388.15,34024.52,33816.28,27745.66
1982666111,741152597,255,DRG,negotiated,35599,47503.92,47448.21,38930.41
1982666111,741152597,256,DRG,negotiated,48895.19,30807.38,30185.91,24767
1982666111,741152597,258,DRG,negotiated,14430.12,59360.69,52731.94,43265.63
1982666111,741152597,259,DRG,negotiated,53121.36,39145.34,36878.89,30258.47
1982666111,741152597,260,DRG,negotiated,124450.9,66840.5,64703.11,53087.76
1982666111,741152597,261,DRG,negotiated,43505.86,37359.7,35338.34,28994.48
1982666111,741152597,262,DRG,negotiated,12648.91,31969.07,31010.74,25443.76
1982666111,741152597,263,DRG,negotiated,85278.18,43342.43,51524.28,42274.76
1982666111,741152597,264,DRG,negotiated,88528.4,60962.7,61209.59,50221.39
1982666111,741152597,265,DRG,negotiated,59221.58,63059.37,62548.56,51319.99
1982666111,741152597,266,DRG,negotiated,116060.43,132056.5,122073.35,100159.02
1982666111,741152597,267,DRG,negotiated,43655.55,104889.73,95440.14,78306.94
1982666111,741152597,268,DRG,negotiated,179803.03,130471.35,127993.28,105016.22
1982666111,741152597,269,DRG,negotiated,57107.84,80852.03,79085.89,64888.58
1982666111,741152597,270,DRG,negotiated,146837.73,97188.82,94552.42,77578.59
1982666111,741152597,271,DRG,negotiated,85286.27,66804.9,64429.4,52863.18
1982666111,741152597,272,DRG,negotiated,72790.03,50370.68,48017.82,39397.77
1982666111,741152597,273,DRG,negotiated,130654.24,71700.88,74216.42,60893.26
1982666111,741152597,274,DRG,negotiated,115089.3,61581.02,62130.59,50977.05
1982666111,741152597,280,DRG,negotiated,54701,30108.49,29708.76,24375.51
1982666111,741152597,281,DRG,negotiated,28440.34,17436.65,16988.59,13938.84
1982666111,741152597,282,DRG,negotiated,28777.32,13604.94,13254.65,10875.21
1982666111,741152597,283,DRG,negotiated,122616.92,34938.88,35482.59,29112.84
1982666111,741152597,284,DRG,negotiated,60446.02,23042.39,13600.49,11158.96
1982666111,741152597,286,DRG,negotiated,78011.23,40027.85,39225.77,32184.05
1982666111,741152597,287,DRG,negotiated,32166.08,20893.63,20347.1,16694.43
1982666111,741152597,288,DRG,negotiated,59162.69,50316.34,49869.07,40916.69
1982666111,741152597,289,DRG,negotiated,32413.71,30796.13,29721.71,24386.14
1982666111,741152597,291,DRG,negotiated,33668.54,23764.14,23668.62,19419.69
1982666111,741152597,292,DRG,negotiated,29679.15,16179.4,15956.62,13092.13
1982666111,741152597,293,DRG,negotiated,11084.58,11052.96,10362.19,8501.99
1982666111,741152597,294,DRG,negotiated,14650.94,24035.82,21351.32,17518.38
1982666111,741152597,296,DRG,negotiated,117341.79,29889.26,30298.72,24859.56
1982666111,741152597,299,DRG,negotiated,55708.86,28716.33,28443.77,23337.61
1982666111,741152597,300,DRG,negotiated,25653.46,19557.68,19069.16,15645.91
1982666111,741152597,301,DRG,negotiated,24417.72,13923.46,13245.4,10867.62
1982666111,741152597,302,DRG,negotiated,47394.11,20513.27,22300.07,18296.81
1982666111,741152597,303,DRG,negotiated,19933.21,12696.19,12503.79,10259.14
1982666111,741152597,304,DRG,negotiated,46372.91,20554.49,20317.51,16670.16
1982666111,741152597,305,DRG,negotiated,32842.14,13863.51,13789.13,11313.73
1982666111,741152597,306,DRG,negotiated,113154.32,41424.75,27293.45,22393.79
1982666111,741152597,307,DRG,negotiated,24016.98,16308.68,16855.43,13829.58
1982666111,741152597,308,DRG,negotiated,52771.99,22501.26,21686.06,17793.03
1982666111,741152597,309,DRG,negotiated,24355.99,14062.12,13641.17,11192.34
1982666111,741152597,310,DRG,negotiated,19197.75,10477.73,10193.89,8363.91
1982666111,741152597,311,DRG,negotiated,27277.11,13087.79,12355.84,10137.75
1982666111,741152597,312,DRG,negotiated,28783.44,15714.72,15769.83,12938.87
1982666111,741152597,313,DRG,negotiated,21899.88,13516.87,13378.56,10976.87
1982666111,741152597,314,DRG,negotiated,62674.9,39061.02,38515.6,31601.37
1982666111,741152597,315,DRG,negotiated,21524.94,18238.6,17911.44,14696.02
1982666111,741152597,316,DRG,negotiated,25455.53,13554.35,12612.91,10348.67
1982666111,741152597,319,DRG,negotiated,86936.38,80904.49,79646.26,65348.35
1982666111,741152597,320,DRG,negotiated,139912.28,45073.73,45706.07,37501.02
1982666111,741152597,326,DRG,negotiated,128580.21,99611.51,94667.09,77672.67
1982666111,741152597,327,DRG,negotiated,78828.16,48054.78,47368.68,38865.17
1982666111,741152597,328,DRG,negotiated,64221.82,31232.71,30657.5,25153.94
1982666111,741152597,329,DRG,negotiated,119882,91552.73,85503.31,70153.95
1982666111,741152597,330,DRG,negotiated,94153.48,47766.23,45410.17,37258.24
1982666111,741152597,331,DRG,negotiated,81584.73,32049.64,31602.55,25929.33
1982666111,741152597,332,DRG,negotiated,116338.23,77974.03,75091.19,61610.99
1982666111,741152597,335,DRG,negotiated,86717.17,73327.25,68128.2,55897.98
1982666111,741152597,336,DRG,negotiated,86622.8,42932.09,39336.74,32275.1
1982666111,741152597,337,DRG,negotiated,73751.69,30678.09,29137.3,23906.64
1982666111,741152597,339,DRG,negotiated,49689.53,31804.18,30115.63,24709.34
1982666111,741152597,340,DRG,negotiated,40943,23014.66,22190.95,18207.28
1982666111,741152597,341,DRG,negotiated,55813.5,43514.81,41777.95,34278.07
1982666111,741152597,342,DRG,negotiated,43765.66,26848.25,26875.48,22050.86
1982666111,741152597,343,DRG,negotiated,41788.27,20771.84,20208.39,16580.63
1982666111,741152597,345,DRG,negotiated,49723.63,29581.98,28693.44,23542.46
1982666111,741152597,346,DRG,negotiated,30899.29,23897.17,23130.45,18978.12
1982666111,741152597,347,DRG,negotiated,89027.31,46181.08,46941.47,38514.65
1982666111,741152597,349,DRG,negotiated,29931.07,18349.14,18442.22,15131.51
1982666111,741152597,350,DRG,negotiated,82975.33,45995.59,43590.36,35765.12
1982666111,741152597,351,DRG,negotiated,47472.96,27968.72,27189.88,22308.81
1982666111,741152597,352,DRG,negotiated,58420.1,20693.14,20382.24,16723.27
1982666111,741152597,353,DRG,negotiated,55998.75,56677.55,53037.09,43516
1982666111,741152597,354,DRG,negotiated,74802.47,33441.8,32401.49,26584.85
1982666111,741152597,355,DRG,negotiated,86074.99,25486.07,25379.32,20823.28
1982666111,741152597,356,DRG,negotiated,152772.09,80715.25,78090.92,64072.22
1982666111,741152597,357,DRG,negotiated,90027.15,42504.88,41541.22,34083.84
1982666111,741152597,358,DRG,negotiated,60201.96,25278.09,25654.88,21049.37
1982666111,741152597,368,DRG,negotiated,73594.28,36520.29,32442.17,26618.23
1982666111,741152597,369,DRG,negotiated,31836.03,20183.5,18902.72,15509.35
1982666111,741152597,370,DRG,negotiated,16105.96,14017.15,13846.46,11360.77
1982666111,741152597,371,DRG,negotiated,59440.35,32437.49,31288.15,25671.37
1982666111,741152597,372,DRG,negotiated,29250.49,19285.99,18826.89,15447.13
1982666111,741152597,373,DRG,negotiated,19923.66,13951.57,13426.64,11016.32
1982666111,741152597,374,DRG,negotiated,48464.86,38854.92,36864.09,30246.33
1982666111,741152597,375,DRG,negotiated,41487.01,22626.8,22277.87,18278.6
1982666111,741152597,376,DRG,negotiated,26584.58,16842.69,16234.03,13319.74
1982666111,741152597,377,DRG,negotiated,53614.57,33749.08,32882.33,26979.37
1982666111,741152597,378,DRG,negotiated,23554.8,18615.21,18216.59,14946.39
1982666111,741152597,379,DRG,negotiated,38041.92,11939.22,11721.5,9617.28
1982666111,741152597,380,DRG,negotiated,50430.08,35349.22,35214.43,28892.81
1982666111,741152597,381,DRG,negotiated,38697.35,19848.1,19520.42,16016.16
1982666111,741152597,382,DRG,negotiated,20834.82,14401.26,14236.68,11680.95
1982666111,741152597,384,DRG,negotiated,32660.68,16728.39,16674.19,13680.88
1982666111,741152597,385,DRG,negotiated,41409.18,30397.04,30121.18,24713.89
1982666111,741152597,386,DRG,negotiated,30059.04,18645.19,18305.36,15019.23
1982666111,741152597,387,DRG,negotiated,17803.95,13391.33,12790.45,10494.34
1982666111,741152597,388,DRG,negotiated,40457.14,28379.06,27138.1,22266.33
1982666111,741152597,389,DRG,negotiated,21069.33,15424.3,14926.51,12246.94
1982666111,741152597,390,DRG,negotiated,14160.63,10925.54,10458.36,8580.9
1982666111,741152597,391,DRG,negotiated,45960.37,23406.26,23746.3,19483.42
1982666111,741152597,392,DRG,negotiated,24067.7,14348.79,14565.87,11951.04
1982666111,741152597,393,DRG,negotiated,46773.73,31125.9,29799.38,24449.87
1982666111,741152597,394,DRG,negotiated,25506.83,17629.64,17439.84,14309.08
1982666111,741152597,395,DRG,negotiated,22136.36,12207.16,11926.78,9785.71
1982666111,741152597,405,DRG,negotiated,156812.64,107505.41,102491.9,84092.79
1982666111,741152597,406,DRG,negotiated,111243.1,53979.42,54181.87,44455.27
1982666111,741152597,407,DRG,negotiated,154901.93,39684.97,41162.1,33772.77
1982666111,741152597,408,DRG,negotiated,136670.36,70318.09,67863.73,55680.99
1982666111,741152597,409,DRG,negotiated,100930.34,39654.99,39418.11,32341.86
1982666111,741152597,410,DRG,negotiated,151222.33,29385.24,31397.26,25760.9
1982666111,741152597,412,DRG,negotiated,80536.93,42673.52,42456.68,34834.95
1982666111,741152597,414,DRG,negotiated,124253.92,67983.46,65370.74,53635.54
1982666111,741152597,415,DRG,negotiated,73763.64,38067.96,36988,30348
1982666111,741152597,417,DRG,negotiated,82857.71,45424.11,43973.18,36079.22
1982666111,741152597,418,DRG,negotiated,56438.04,31646.79,30718.53,25204.01
1982666111,741152597,419,DRG,negotiated,52709.18,24644.78,24134.67,19802.07
1982666111,741152597,420,DRG,negotiated,85455.99,65888.66,60312.63,49485.45
1982666111,741152597,421,DRG,negotiated,65779.74,35740.83,33503.73,27489.22
1982666111,741152597,423,DRG,negotiated,120152.36,78431.21,72716.56,59662.65
1982666111,741152597,424,DRG,negotiated,56135.03,42797.18,43804.89,35941.14
1982666111,741152597,425,DRG,negotiated,60462.64,28905.57,26457.52,21707.92
1982666111,741152597,432,DRG,negotiated,54831.44,35240.55,34920.37,28651.55
1982666111,741152597,433,DRG,negotiated,26627.36,19297.24,19230.06,15777.93
1982666111,741152597,434,DRG,negotiated,44120.27,11630.06,11608.68,9524.72
1982666111,741152597,435,DRG,negotiated,37577.7,32853.46,32331.21,26527.19
1982666111,741152597,436,DRG,negotiated,51847.14,21013.55,20350.8,16697.47
1982666111,741152597,437,DRG,negotiated,43519.93,19724.11,15644.07,12835.69
1982666111,741152597,438,DRG,negotiated,43998.72,29937.98,30651.96,25149.39
1982666111,741152597,439,DRG,negotiated,26312.25,15836.51,16086.08,13198.35
1982666111,741152597,440,DRG,negotiated,25016.46,11360.24,11214.76,9201.51
1982666111,741152597,441,DRG,negotiated,66190.03,35216.19,35042.43,28751.7
1982666111,741152597,442,DRG,negotiated,25329.46,17425.41,17495.32,14354.6
1982666111,741152597,443,DRG,negotiated,41197.55,12426.38,12056.24,9891.93
1982666111,741152597,444,DRG,negotiated,29997.17,31320.77,30786.96,25260.16
1982666111,741152597,445,DRG,negotiated,36183.31,20189.12,20336,16685.33
1982666111,741152597,446,DRG,negotiated,16921.5,15300.63,15011.58,12316.74
1982666111,741152597,453,DRG,negotiated,196477.56,172155.56,169308.87,138914.94
1982666111,741152597,454,DRG,negotiated,132265.16,114166.41,112645.1,92423.32
1982666111,741152597,455,DRG,negotiated,74669.47,89587.22,88549.27,72653.11
1982666111,741152597,456,DRG,negotiated,268616.38,161138.2,156259.5,128208.16
1982666111,741152597,457,DRG,negotiated,153379.21,121713.68,111644.58,91602.4
1982666111,741152597,458,DRG,negotiated,176798.76,93827.4,89013.47,73033.98
1982666111,741152597,459,DRG,negotiated,130444.5,126165.59,122670.7,100649.14
1982666111,741152597,460,DRG,negotiated,96824.35,73649.53,69648.4,57145.28
1982666111,741152597,463,DRG,negotiated,211406,100623.31,96938.15,79536.04
1982666111,741152597,464,DRG,negotiated,84202.69,55759.44,55245.28,45327.77
1982666111,741152597,465,DRG,negotiated,54228.18,34552.9,36852.99,30237.23
1982666111,741152597,466,DRG,negotiated,193398.66,100162.38,97002.88,79589.15
1982666111,741152597,469,DRG,negotiated,195925.75,57820.51,59761.51,49033.26
1982666111,741152597,470,DRG,negotiated,37047.76,43913.97,35358.68,29011.17
1982666111,741152597,471,DRG,negotiated,112159.29,94054.12,93154.28,76431.44
1982666111,741152597,472,DRG,negotiated,82722.82,57217.18,56795.07,46599.35
1982666111,741152597,473,DRG,negotiated,71793.46,47573.24,46884.14,38467.61
1982666111,741152597,474,DRG,negotiated,97211.1,76373.89,75768.07,62166.36
1982666111,741152597,475,DRG,negotiated,89966.96,41152.07,41078.87,33704.49
1982666111,741152597,476,DRG,negotiated,75196.65,21740.54,22701.38,18626.08
1982666111,741152597,477,DRG,negotiated,100883.05,62935.71,62931.38,51634.09
1982666111,741152597,478,DRG,negotiated,87590.79,44189.34,43440.56,35642.21
1982666111,741152597,479,DRG,negotiated,57686.98,33904.6,32704.79,26833.7
1982666111,741152597,480,DRG,negotiated,112160.02,56694.41,54853.2,45006.08
1982666111,741152597,481,DRG,negotiated,78730.65,39274.63,39066.73,32053.56
1982666111,741152597,482,DRG,negotiated,58791.76,30837.35,30442.97,24977.92
1982666111,741152597,483,DRG,negotiated,81888.11,75991.46,43601.45,35774.22
1982666111,741152597,485,DRG,negotiated,74162.77,63885.68,60123.99,49330.67
1982666111,741152597,486,DRG,negotiated,81210.44,40273.31,38578.48,31652.96
1982666111,741152597,487,DRG,negotiated,35897.2,30732.43,29664.38,24339.1
1982666111,741152597,488,DRG,negotiated,63911.59,37018.69,41966.58,34432.84
1982666111,741152597,489,DRG,negotiated,49566.51,24324.37,24587.77,20173.83
1982666111,741152597,492,DRG,negotiated,90490.05,65017.39,64468.23,52895.05
1982666111,741152597,493,DRG,negotiated,64171.68,43578.51,43938.05,36050.39
1982666111,741152597,494,DRG,negotiated,50024.46,34695.3,34931.47,28660.65
1982666111,741152597,495,DRG,negotiated,88097.49,68238.28,68694.11,56362.31
1982666111,741152597,496,DRG,negotiated,56191.68,37219.18,38831.85,31860.85
1982666111,741152597,497,DRG,negotiated,54618.21,27196.76,28142.32,23090.28
1982666111,741152597,498,DRG,negotiated,41259.64,48410.79,47401.97,38892.48
1982666111,741152597,500,DRG,negotiated,73309.41,59761.66,59264.02,48625.08
1982666111,741152597,501,DRG,negotiated,71704.41,32866.57,32508.75,26672.86
1982666111,741152597,502,DRG,negotiated,55097,24972.67,25420,20856.66
1982666111,741152597,503,DRG,negotiated,107036.47,49476.92,46850.85,38440.29
1982666111,741152597,504,DRG,negotiated,56425.95,33258.18,32823.15,26930.82
1982666111,741152597,505,DRG,negotiated,49611.11,33258.18,32675.2,26809.42
1982666111,741152597,506,DRG,negotiated,34460.11,27798.21,26072.84,21392.31
1982666111,741152597,507,DRG,negotiated,59208.9,38615.08,34302.67,28144.74
1982666111,741152597,509,DRG,negotiated,39832.02,31599.95,28072.04,23032.61
1982666111,741152597,510,DRG,negotiated,80453.56,51408.71,53412.52,43824.03
1982666111,741152597,511,DRG,negotiated,67611.68,36863.17,36599.63,30029.35
1982666111,741152597,512,DRG,negotiated,65106.09,29126.67,29710.61,24377.03
1982666111,741152597,513,DRG,negotiated,46571.35,29454.56,29479.44,24187.36
1982666111,741152597,514,DRG,negotiated,37179.88,18720.14,19098.75,15670.19
1982666111,741152597,515,DRG,negotiated,89817.78,58845.42,57660.59,47309.5
1982666111,741152597,516,DRG,negotiated,79518.58,36776.98,37613.1,30860.88
1982666111,741152597,517,DRG,negotiated,64077.09,26198.07,27924.09,22911.22
1982666111,741152597,518,DRG,negotiated,107913.81,67207.75,68940.08,56564.12
1982666111,741152597,519,DRG,negotiated,74788.7,36724.52,36975.05,30337.38
1982666111,741152597,520,DRG,negotiated,68127.92,26574.69,27367.42,22454.49
1982666111,741152597,521,DRG,negotiated,107027.58,57451.39,55837.08,45813.34
1982666111,741152597,522,DRG,negotiated,121544.64,46765.98,40185.61,32971.58
1982666111,741152597,533,DRG,negotiated,12188.78,26535.34,26377.99,21642.68
1982666111,741152597,534,DRG,negotiated,11592.37,14805.98,14719.37,12076.99
1982666111,741152597,535,DRG,negotiated,98371.34,29566.69,23848.01,19566.87
1982666111,741152597,536,DRG,negotiated,30302.96,14459.34,14371.69,11791.72
1982666111,741152597,537,DRG,negotiated,37067.87,17526.59,18371.94,15073.85
1982666111,741152597,539,DRG,negotiated,39756.15,36494.05,36912.17,30285.79
1982666111,741152597,540,DRG,negotiated,16052.9,24388.08,24904.02,20433.31
1982666111,741152597,542,DRG,negotiated,76821.47,33898.98,33807.03,27738.07
1982666111,741152597,543,DRG,negotiated,36114.52,19583.91,20139.97,16524.49
1982666111,741152597,544,DRG,negotiated,27847.29,14571.76,14390.18,11806.89
1982666111,741152597,545,DRG,negotiated,65254.17,46900.58,46394.05,38065.5
1982666111,741152597,546,DRG,negotiated,31782.61,22634.3,22296.37,18293.77
1982666111,741152597,547,DRG,negotiated,41309.63,15619.16,16918.31,13881.18
1982666111,741152597,548,DRG,negotiated,35387.23,38425.84,35876.51,29436.04
1982666111,741152597,549,DRG,negotiated,24243.33,23419.38,22409.18,18386.34
1982666111,741152597,550,DRG,negotiated,50782.8,16467.95,19387.26,15906.9
1982666111,741152597,551,DRG,negotiated,38933.03,30492.59,30947.86,25392.17
1982666111,741152597,552,DRG,negotiated,29311.64,17676.49,17763.49,14574.63
1982666111,741152597,553,DRG,negotiated,40821.66,23824.1,24521.19,20119.21
1982666111,741152597,554,DRG,negotiated,31705,14849.07,15168.78,12445.71
1982666111,741152597,555,DRG,negotiated,28477.66,25641.58,24619.21,20199.63
1982666111,741152597,556,DRG,negotiated,24680.72,15152.61,14943.15,12260.59
1982666111,741152597,557,DRG,negotiated,26400.13,26214.94,26481.56,21727.65
1982666111,741152597,558,DRG,negotiated,19628.3,16140.05,16071.29,13186.21
1982666111,741152597,559,DRG,negotiated,45111.3,34950.13,33011.79,27085.59
1982666111,741152597,560,DRG,negotiated,20288.98,20161.01,20262.03,16624.63
1982666111,741152597,561,DRG,negotiated,27367.91,14847.2,14613.96,11990.49
1982666111,741152597,562,DRG,negotiated,31777,26452.9,27053.02,22196.53
1982666111,741152597,563,DRG,negotiated,27560.23,16342.41,15927.03,13067.85
1982666111,741152597,564,DRG,negotiated,16151.14,28547.69,28726.73,23569.77
1982666111,741152597,565,DRG,negotiated,41207.46,18911.25,18260.98,14982.81
1982666111,741152597,566,DRG,negotiated,11037.57,14088.35,13735.49,11269.73
1982666111,741152597,570,DRG,negotiated,60558.83,53244.93,53948.85,44264.08
1982666111,741152597,571,DRG,negotiated,62248.8,30642.49,30489.21,25015.86
1982666111,741152597,572,DRG,negotiated,44068.1,20693.14,22259.38,18263.43
1982666111,741152597,574,DRG,negotiated,141167.69,60829.67,66663.47,54696.2
1982666111,741152597,576,DRG,negotiated,240244.39,94878.55,104472.61,85717.93
1982666111,741152597,577,DRG,negotiated,77127.55,47771.86,48430.24,39736.15
1982666111,741152597,578,DRG,negotiated,59519.05,29889.26,31670.98,25985.48
1982666111,741152597,579,DRG,negotiated,73005.52,58925.99,58287.54,47823.9
1982666111,741152597,580,DRG,negotiated,44571.95,32392.53,32109.28,26345.1
1982666111,741152597,581,DRG,negotiated,44204.95,25797.1,26104.28,21418.1
1982666111,741152597,582,DRG,negotiated,228503.35,30786.76,35782.19,29358.66
1982666111,741152597,583,DRG,negotiated,114761,28883.09,27940.74,22924.88
1982666111,741152597,584,DRG,negotiated,69104.3,34414.25,39499.49,32408.63
1982666111,741152597,585,DRG,negotiated,39075.14,32594.89,34049.3,27936.85
1982666111,741152597,592,DRG,negotiated,73984.89,40079.44,32993.3,27070.42
1982666111,741152597,593,DRG,negotiated,27634.86,21371.42,21303.24,17478.93
1982666111,741152597,595,DRG,negotiated,88126.43,87373.61,39603.05,32493.6
1982666111,741152597,596,DRG,negotiated,24364.08,18637.69,20191.75,16566.97
1982666111,741152597,597,DRG,negotiated,84709.03,30803.63,31143.9,25553.02
1982666111,741152597,601,DRG,negotiated,12654.02,12868.57,13017.93,10680.98
1982666111,741152597,602,DRG,negotiated,23808.77,27168.65,26653.55,21868.77
1982666111,741152597,603,DRG,negotiated,16421.65,15993.9,16308.01,13380.43
1982666111,741152597,604,DRG,negotiated,54140.15,27691.41,27911.14,22900.6
1982666111,741152597,605,DRG,negotiated,29444.34,16936.37,16836.94,13814.41
1982666111,741152597,606,DRG,negotiated,24948.03,28332.22,28386.44,23290.57
1982666111,741152597,607,DRG,negotiated,31526.24,15517.98,15686.61,12870.59
1982666111,741152597,614,DRG,negotiated,119278.88,44775.81,43459.05,35657.38
1982666111,741152597,615,DRG,negotiated,90236.16,29510.78,27293.45,22393.79
1982666111,741152597,616,DRG,negotiated,58790.59,74314.69,69620.66,57122.52
1982666111,741152597,617,DRG,negotiated,47457.73,38032.36,35952.34,29498.26
1982666111,741152597,619,DRG,negotiated,244151.66,169806.53,53479.1,269388
1982666111,741152597,620,DRG,negotiated,57794.54,33027.71,31173.49,39393
1982666111,741152597,621,DRG,negotiated,69311.7,29924.86,28758.17,39393
1982666111,741152597,622,DRG,negotiated,103490.52,67732.38,66968.62,54946.57
1982666111,741152597,623,DRG,negotiated,68883.49,35066.3,34853.79,28596.92
1982666111,741152597,624,DRG,negotiated,68671.72,20590.09,18290.57,15007.09
1982666111,741152597,625,DRG,negotiated,83311.43,53216.83,53210.94,43658.63
1982666111,741152597,626,DRG,negotiated,87431.42,30970.39,29945.48,24569.74
1982666111,741152597,627,DRG,negotiated,45585.06,22162.12,23596.49,19360.51
1982666111,741152597,628,DRG,negotiated,321114.21,82102.37,67406.93,55306.2
1982666111,741152597,629,DRG,negotiated,170394.28,43943.89,41496.84,34047.42
1982666111,741152597,630,DRG,negotiated,65586.33,26406.05,25969.27,21307.33
1982666111,741152597,637,DRG,negotiated,36656.56,25793.35,25812.08,21178.35
1982666111,741152597,638,DRG,negotiated,24201.35,16477.32,16200.74,13292.42
1982666111,741152597,639,DRG,negotiated,16040.81,11422.08,11111.2,9116.54
1982666111,741152597,640,DRG,negotiated,35237.69,23061.5,23400.46,19199.66
1982666111,741152597,641,DRG,negotiated,23839.89,14131.45,14244.08,11687.01
1982666111,741152597,642,DRG,negotiated,29430.28,24166.98,25952.63,21293.67
1982666111,741152597,643,DRG,negotiated,49330.84,31247.69,30398.59,24941.5
1982666111,741152597,644,DRG,negotiated,28164.29,19107.99,18847.24,15463.82
1982666111,741152597,645,DRG,negotiated,15991.76,14401.26,13733.64,11268.21
1982666111,741152597,650,DRG,negotiated,207293.67,164270.45,85884.29,70466.54
1982666111,741152597,651,DRG,negotiated,193452.37,153301.88,65583.42,53810.04
1982666111,741152597,652,DRG,negotiated,204726.43,162236.04,57055.84,46813.31
1982666111,741152597,653,DRG,negotiated,113576.12,102289.03,102765.61,84317.37
1982666111,741152597,654,DRG,negotiated,166495.33,54389.76,52569.2,43132.1
1982666111,741152597,656,DRG,negotiated,161700.15,61551.05,61128.22,50154.62
1982666111,741152597,657,DRG,negotiated,87386.74,36250.47,34731.73,28496.77
1982666111,741152597,658,DRG,negotiated,91147.68,29565.11,29202.03,23959.75
1982666111,741152597,659,DRG,negotiated,78345.73,49960.34,47657.19,39101.88
1982666111,741152597,660,DRG,negotiated,80174.74,27039.36,26098.73,21413.55
1982666111,741152597,661,DRG,negotiated,101454.61,19930.55,19934.68,16356.05
1982666111,741152597,662,DRG,negotiated,88251.92,55036.19,56197.72,46109.23
1982666111,741152597,668,DRG,negotiated,139218.07,52581.64,52206.71,42834.68
1982666111,741152597,669,DRG,negotiated,66672.32,29295.3,29113.25,23886.91
1982666111,741152597,672,DRG,negotiated,102459.34,21555.04,19265.2,15806.76
1982666111,741152597,673,DRG,negotiated,83810.55,64985.54,64618.04,53017.96
1982666111,741152597,674,DRG,negotiated,80938.98,44654.02,43840.03,35969.97
1982666111,741152597,675,DRG,negotiated,53497.68,32877.81,31188.28,25589.43
1982666111,741152597,682,DRG,negotiated,37478.01,27593.98,27493.18,22557.67
1982666111,741152597,683,DRG,negotiated,20500.32,16475.44,16550.28,13579.21
1982666111,741152597,684,DRG,negotiated,22833.34,11390.22,11185.17,9177.24
1982666111,741152597,686,DRG,negotiated,195852.29,35137.5,31399.11,25762.42
1982666111,741152597,687,DRG,negotiated,7764.39,19675.72,19230.06,15777.93
1982666111,741152597,689,DRG,negotiated,41451.08,20876.77,21214.47,17406.1
1982666111,741152597,690,DRG,negotiated,25155.5,14877.18,14713.83,12072.43
1982666111,741152597,693,DRG,negotiated,120097.05,25023.26,26461.22,21710.96
1982666111,741152597,694,DRG,negotiated,17463.91,14449.97,14741.57,12095.2
1982666111,741152597,695,DRG,negotiated,30047.97,21317.08,21236.66,17424.3
1982666111,741152597,696,DRG,negotiated,11466.15,12964.13,12816.34,10515.58
1982666111,741152597,698,DRG,negotiated,40509.61,30177.81,29636.64,24316.34
1982666111,741152597,699,DRG,negotiated,25900.72,19242.9,18717.78,15357.61
1982666111,741152597,700,DRG,negotiated,20464.32,13987.17,13700.36,11240.9
1982666111,741152597,707,DRG,negotiated,124295.89,36016.26,36901.08,30276.68
1982666111,741152597,708,DRG,negotiated,96022.43,27940.61,27458.04,22528.84
1982666111,741152597,709,DRG,negotiated,42049.6,43393.02,44607.53,36599.69
1982666111,741152597,710,DRG,negotiated,33212.49,30009.18,26657.25,21871.8
1982666111,741152597,711,DRG,negotiated,98202.56,39939.79,37790.64,31006.55
1982666111,741152597,712,DRG,negotiated,25159.51,19861.22,22962.15,18840.04
1982666111,741152597,713,DRG,negotiated,40524.48,27981.84,27406.26,22486.35
1982666111,741152597,714,DRG,negotiated,50937,17402.93,17720.95,14539.73
1982666111,741152597,717,DRG,negotiated,51958.13,33737.84,32739.93,26862.53
1982666111,741152597,722,DRG,negotiated,53944.12,32088.99,31397.26,25760.9
1982666111,741152597,723,DRG,negotiated,59057.61,20458.93,21312.49,17486.52
1982666111,741152597,724,DRG,negotiated,30778.9,12143.45,14149.76,11609.63
1982666111,741152597,726,DRG,negotiated,52719.52,13953.44,14269.97,11708.26
1982666111,741152597,727,DRG,negotiated,162940.05,39050.4,26572.18,21802
1982666111,741152597,728,DRG,negotiated,18159.28,15096.4,15196.52,12468.48
1982666111,741152597,729,DRG,negotiated,83178.07,18877.53,19932.83,16354.54
1982666111,741152597,734,DRG,negotiated,104713.65,41676.71,40413.09,33158.22
1982666111,741152597,735,DRG,negotiated,67957.4,26486.62,23528.07,19304.36
1982666111,741152597,736,DRG,negotiated,303984.36,100153.82,78880.61,64720.14
1982666111,741152597,737,DRG,negotiated,90346.2,38562.62,37422.61,30704.59
1982666111,741152597,738,DRG,negotiated,87153.84,27653.94,25961.88,21301.26
1982666111,741152597,739,DRG,negotiated,121618.1,71650.29,72169.14,59213.5
1982666111,741152597,740,DRG,negotiated,80787.62,33756.58,33333.59,27349.62
1982666111,741152597,741,DRG,negotiated,94197.93,23981.49,24280.77,19921.94
1982666111,741152597,742,DRG,negotiated,81920.54,32192.04,33328.04,27345.07
1982666111,741152597,743,DRG,negotiated,62468.16,21225.27,21649.08,17762.68
1982666111,741152597,744,DRG,negotiated,57750.16,33640.41,35107.16,28804.8
1982666111,741152597,745,DRG,negotiated,33248.05,21922.29,21282.9,17462.24
1982666111,741152597,746,DRG,negotiated,68352.52,30194.68,28913.52,23723.03
1982666111,741152597,747,DRG,negotiated,82623.63,17595.92,18098.23,14849.28
1982666111,741152597,748,DRG,negotiated,66321.13,25249.98,26209.7,21504.59
1982666111,741152597,749,DRG,negotiated,81930.52,50848.47,46719.54,38332.56
1982666111,741152597,750,DRG,negotiated,62595.11,27427.22,26390.94,21653.3
1982666111,741152597,754,DRG,negotiated,33352.26,34217.51,32122.23,26355.72
1982666111,741152597,755,DRG,negotiated,27547.48,21159.69,19993.86,16404.61
1982666111,741152597,756,DRG,negotiated,22995.12,17208.06,18434.82,15125.44
1982666111,741152597,757,DRG,negotiated,59038.3,28568.3,25377.47,20821.76
1982666111,741152597,758,DRG,negotiated,24774.88,18169.27,17671.02,14498.76
1982666111,741152597,759,DRG,negotiated,9350.45,12804.87,11473.68,9413.95
1982666111,741152597,760,DRG,negotiated,11540.27,17239.91,17876.3,14667.19
1982666111,741152597,761,DRG,negotiated,7614.64,11069.82,10462.06,8583.93
1982666111,741152597,765,DRG,negotiated,27389.85,21705.16,N/A,N/A
1982666111,741152597,768,DRG,negotiated,17464.64,21914.8,7458,17401.54
1982666111,741152597,769,DRG,negotiated,180847.04,30308.97,30724.08,25208.57
1982666111,741152597,770,DRG,negotiated,32485.63,16672.18,16012.11,13137.65
1982666111,741152597,775,DRG,negotiated,15210.32,12053.46,N/A,N/A
1982666111,741152597,776,DRG,negotiated,14301.79,14511.81,12892.17,10577.8
1982666111,741152597,779,DRG,negotiated,12632.44,19842.48,18837.99,15456.24
1982666111,741152597,783,DRG,negotiated,31602.19,35130,8914,29281.27
1982666111,741152597,784,DRG,negotiated,27389.85,20533.88,8914,15841.66
1982666111,741152597,785,DRG,negotiated,23401.04,17178.08,7309,13840.21
1982666111,741152597,786,DRG,negotiated,29320.09,29874.27,10905,24506.01
1982666111,741152597,787,DRG,negotiated,25482.27,19943.66,8914,16164.86
1982666111,741152597,788,DRG,negotiated,22118.87,16627.21,7309,13237.8
1982666111,741152597,789,DRG,negotiated,593.49,16238,13073,6613
1982666111,741152597,790,DRG,negotiated,2234.27,17358,16530,19839
1982666111,741152597,791,DRG,negotiated,2436.44,11572,11020,13226
1982666111,741152597,792,DRG,negotiated,2233.21,10682,7130,9590
1982666111,741152597,793,DRG,negotiated,2424,10682,7130,13226
1982666111,741152597,794,DRG,negotiated,2291.92,10682,7130,9590
1982666111,741152597,795,DRG,negotiated,1835.31,3573.15,1426,2240
1982666111,741152597,796,DRG,negotiated,40613.53,20063.58,17889,19923.46
1982666111,741152597,797,DRG,negotiated,14837.5,17226.8,5943,14079.95
1982666111,741152597,799,DRG,negotiated,78082.06,96446.83,96311.2,79021.64
1982666111,741152597,800,DRG,negotiated,68352.38,55347.22,49166.3,40340.08
1982666111,741152597,801,DRG,negotiated,55037.24,31553.11,33215.22,27252.5
1982666111,741152597,802,DRG,negotiated,37097.46,69546.12,70499.13,57843.29
1982666111,741152597,805,DRG,negotiated,18774.2,19297.24,8944,15258.97
1982666111,741152597,806,DRG,negotiated,16622.86,13764.2,6953,10588.42
1982666111,741152597,807,DRG,negotiated,15210.32,12034.78,4814,9580.86
1982666111,741152597,808,DRG,negotiated,50474.76,40955.33,39595.65,32487.53
1982666111,741152597,809,DRG,negotiated,40952.54,22922.85,22483.16,18447.03
1982666111,741152597,810,DRG,negotiated,15737.94,18019.37,17362.17,14245.35
1982666111,741152597,811,DRG,negotiated,48623.66,25843.94,25712.21,21096.41
1982666111,741152597,812,DRG,negotiated,21901.85,16494.18,16607.61,13626.25
1982666111,741152597,813,DRG,negotiated,40911.59,28950.54,28944.96,23748.83
1982666111,741152597,814,DRG,negotiated,100034.49,35444.78,34752.08,28513.46
1982666111,741152597,815,DRG,negotiated,33234.21,18613.34,19069.16,15645.91
1982666111,741152597,817,DRG,negotiated,66108.63,43222.51,57882.52,47491.59
1982666111,741152597,818,DRG,negotiated,49200.83,25478.57,29407.31,24128.18
1982666111,741152597,819,DRG,negotiated,60301.29,18497.17,16431.92,13482.1
1982666111,741152597,820,DRG,negotiated,214644.35,106645.38,98343.69,80689.26
1982666111,741152597,821,DRG,negotiated,190804.24,45093.21,39991.43,32812.26
1982666111,741152597,822,DRG,negotiated,49857.8,23449.36,22285.27,18284.67
1982666111,741152597,823,DRG,negotiated,119003.56,84350.23,80012.44,65648.79
1982666111,741152597,824,DRG,negotiated,124849.6,44301.76,42356.81,34753.01
1982666111,741152597,825,DRG,negotiated,124067.5,26259.91,24349.2,19978.09
1982666111,741152597,826,DRG,negotiated,166967.26,94518.8,95094.3,78023.19
1982666111,741152597,827,DRG,negotiated,173986.58,46853.74,45027.34,36944.14
1982666111,741152597,828,DRG,negotiated,109630.24,31365.74,32162.92,26389.1
1982666111,741152597,829,DRG,negotiated,62240.64,60115.79,58527.96,48021.16
1982666111,741152597,830,DRG,negotiated,109737.94,27768.23,27195.43,22313.37
1982666111,741152597,831,DRG,negotiated,16706.45,21019.17,22096.63,18129.9
1982666111,741152597,832,DRG,negotiated,12220.41,14583.01,12955.05,10629.39
1982666111,741152597,833,DRG,negotiated,10091.44,10061.77,9320.98,7647.7
1982666111,741152597,834,DRG,negotiated,251600.06,113400.07,102271.82,83912.22
1982666111,741152597,835,DRG,negotiated,139825.26,75248.36,38783.77,31821.4
1982666111,741152597,836,DRG,negotiated,13840.57,21987.87,29013.39,23804.97
1982666111,741152597,837,DRG,negotiated,51187.76,106787.78,99538.41,81669.5
1982666111,741152597,838,DRG,negotiated,18470.24,42349.37,41132.51,33748.49
1982666111,741152597,839,DRG,negotiated,31604.65,27865.67,25423.7,20859.7
1982666111,741152597,840,DRG,negotiated,125084.11,60342.51,57460.86,47145.62
1982666111,741152597,841,DRG,negotiated,62492.94,30383.92,29494.23,24199.5
1982666111,741152597,842,DRG,negotiated,32113.83,20554.49,20411.83,16747.54
1982666111,741152597,843,DRG,negotiated,40219.71,35742.7,35830.28,29398.11
1982666111,741152597,844,DRG,negotiated,36715.15,22188.36,21094.26,17307.46
1982666111,741152597,845,DRG,negotiated,19982.91,15905.84,15636.68,12829.62
1982666111,741152597,846,DRG,negotiated,52472.48,50082.13,44552.05,36554.17
1982666111,741152597,847,DRG,negotiated,25176.13,25034.51,22527.54,18483.45
1982666111,741152597,853,DRG,negotiated,179880.35,93081.67,90639.09,74367.77
1982666111,741152597,854,DRG,negotiated,75188.05,39763.66,38016.27,31191.67
1982666111,741152597,855,DRG,negotiated,65620.59,28476.49,28253.28,23181.32
1982666111,741152597,856,DRG,negotiated,100141.62,87387.49,81608.47,66958.31
1982666111,741152597,857,DRG,negotiated,62111.22,39392.67,39003.85,32001.97
1982666111,741152597,858,DRG,negotiated,65460.7,25474.83,26161.61,21465.14
1982666111,741152597,862,DRG,negotiated,29604.38,35538.47,33827.38,27754.76
1982666111,741152597,863,DRG,negotiated,17570.75,18950.6,18603.11,15263.53
1982666111,741152597,864,DRG,negotiated,10469.51,16422.98,15686.61,12870.59
1982666111,741152597,865,DRG,negotiated,50140.04,27689.54,30936.76,25383.07
1982666111,741152597,866,DRG,negotiated,15538.41,15720.34,16639.05,13652.05
1982666111,741152597,867,DRG,negotiated,636321.62,272981.64,39085.22,32068.73
1982666111,741152597,868,DRG,negotiated,54797.99,19973.64,19524.12,16019.19
1982666111,741152597,869,DRG,negotiated,49571.03,16038.63,13700.36,11240.9
1982666111,741152597,870,DRG,negotiated,228986.95,120647.54,125590.9,103045.12
1982666111,741152597,871,DRG,negotiated,58410.11,35079.41,36196.46,29698.55
1982666111,741152597,872,DRG,negotiated,24821.74,19229.78,19011.83,15598.87
1982666111,741152597,876,DRG,negotiated,184810.64,15765,59112.37,48500.66
1982666111,741152597,880,DRG,negotiated,25607.55,6306,16759.26,13750.68
1982666111,741152597,882,DRG,negotiated,50990.93,15765,16154.51,13254.49
1982666111,741152597,884,DRG,negotiated,19672.1,6306,29035.58,23823.18
1982666111,741152597,885,DRG,negotiated,28462.06,9459,23958.98,19657.92
1982666111,741152597,887,DRG,negotiated,84437.06,15765,23977.47,19673.09
1982666111,741152597,894,DRG,negotiated,22460.73,2348,10574.87,8676.49
1982666111,741152597,896,DRG,negotiated,31695.23,4696,32468.07,26639.47
1982666111,741152597,897,DRG,negotiated,26522.56,7044,15743.94,12917.63
1982666111,741152597,901,DRG,negotiated,241900.33,79982.63,81347.71,66744.36
1982666111,741152597,902,DRG,negotiated,99994.27,36805.09,36651.41,30071.83
1982666111,741152597,903,DRG,negotiated,83212.32,47330.46,22481.31,18445.51
1982666111,741152597,904,DRG,negotiated,84077.49,69832.8,65688.84,53896.53
1982666111,741152597,905,DRG,negotiated,49399.34,30916.05,28848.79,23669.92
1982666111,741152597,906,DRG,negotiated,59404.64,33797.8,33063.57,27128.08
1982666111,741152597,907,DRG,negotiated,105547.78,73977.42,71492.26,58658.13
1982666111,741152597,908,DRG,negotiated,72119.21,38418.34,38032.91,31205.33
1982666111,741152597,909,DRG,negotiated,43971.9,25688.43,25238.76,20707.96
1982666111,741152597,913,DRG,negotiated,43024.6,47229.37,39925.06,39039.47
1982666111,741152597,914,DRG,negotiated,21915.48,25563.12,20336.66,19885.57
1982666111,741152597,915,DRG,negotiated,37458.92,31843.53,33660.93,27618.2
1982666111,741152597,916,DRG,negotiated,17260.88,12336.44,12283.71,10078.57
1982666111,741152597,917,DRG,negotiated,40252.8,27702.65,28157.12,23102.42
1982666111,741152597,918,DRG,negotiated,26382.35,14832.21,15122.54,12407.78
1982666111,741152597,919,DRG,negotiated,43296.79,34552.9,33170.84,27216.09
1982666111,741152597,920,DRG,negotiated,23131.69,19197.93,18897.17,15504.79
1982666111,741152597,921,DRG,negotiated,11349.41,13076.55,13461.78,11045.15
1982666111,741152597,922,DRG,negotiated,49070.38,29758.1,28772.97,23607.71
1982666111,741152597,923,DRG,negotiated,31823.78,17609.03,17443.54,14312.12
1982666111,741152597,927,DRG,negotiated,156393.9,123934.79,145127.1,141908.02
1982666111,741152597,928,DRG,negotiated,85420.8,67691.95,79266.98,77508.75
1982666111,741152597,929,DRG,negotiated,50865.95,40308.86,47201.51,46154.52
1982666111,741152597,933,DRG,negotiated,50531.38,40043.73,46891.04,45850.94
1982666111,741152597,934,DRG,negotiated,21489.96,17029.78,19941.8,19499.47
1982666111,741152597,935,DRG,negotiated,12397.5,9824.43,11504.36,11249.18
1982666111,741152597,939,DRG,negotiated,196498.91,63229.88,57277.77,46995.4
1982666111,741152597,940,DRG,negotiated,103625.92,41613,40747.83,33432.87
1982666111,741152597,941,DRG,negotiated,74105.2,36033.12,34905.58,28639.41
1982666111,741152597,947,DRG,negotiated,26158.26,22371.98,22481.31,18445.51
1982666111,741152597,948,DRG,negotiated,28019.56,14747.89,14380.93,11799.3
1982666111,741152597,949,DRG,negotiated,40030.82,22875.82,22044.85,18087.41
1982666111,741152597,950,DRG,negotiated,27396.63,13869.13,13121.49,10765.95
1982666111,741152597,951,DRG,negotiated,50815.37,10485.23,10526.78,8637.04
1982666111,741152597,955,DRG,negotiated,366772.88,181276.49,340350.13,332800.78
1982666111,741152597,956,DRG,negotiated,176107.61,110968.55,163420.61,159795.76
1982666111,741152597,957,DRG,negotiated,215831.12,213892.6,200282.39,195839.9
1982666111,741152597,958,DRG,negotiated,98650.52,121220.89,91543.62,89513.08
1982666111,741152597,959,DRG,negotiated,67725.94,78862.61,62846.89,61452.87
1982666111,741152597,963,DRG,negotiated,66155.63,78683.91,61389.7,60028.01
1982666111,741152597,964,DRG,negotiated,35614.38,42998.15,33048.68,32315.62
1982666111,741152597,965,DRG,negotiated,25730.7,26300.99,23877.04,23347.42
1982666111,741152597,969,DRG,negotiated,252361.32,109647.05,134037.11,109975.08
1982666111,741152597,970,DRG,negotiated,100532.37,55999.27,57116.87,46863.38
1982666111,741152597,974,DRG,negotiated,79530.82,50411.9,53133.26,43594.9
1982666111,741152597,975,DRG,negotiated,30915.98,24022.71,25442.2,20874.87
1982666111,741152597,976,DRG,negotiated,30547.74,17792.66,17066.26,14002.57
1982666111,741152597,977,DRG,negotiated,28387.65,24813.41,24040.35,19724.68
1982666111,741152597,981,DRG,negotiated,132126.89,86461.89,84709.92,69502.99
1982666111,741152597,982,DRG,negotiated,73876.01,47528.27,46386.65,38059.43
1982666111,741152597,983,DRG,negotiated,49645.95,30959.15,30888.68,25343.61
1982666111,741152597,987,DRG,negotiated,129175.31,61380.54,61370.49,50353.4
1982666111,741152597,988,DRG,negotiated,48023.46,31972.82,31373.22,25741.17
1982666111,741152597,989,DRG,negotiated,35910.03,21052.89,20387.79,16727.82
1982666111,741152597,998,DRG,negotiated,984702.6,780330.36,913763.47,15.17
1982666111,741152597,999,DRG,negotiated,72594.14,57527.43,67364.37,15.17
